{"count":1,"gauges":{},"self":26.394992,"total":29.709780799999997,"children":{"AgentResetIfDone":{"count":1389,"self":0.0250449,"total":0.0250449,"children":null},"AgentSendState":{"count":1389,"self":0.1839765,"total":0.5054207,"children":{"CollectObservations":{"count":5556,"self":0.32144419999999996,"total":0.32144419999999996,"children":null}}},"DecideAction":{"count":1389,"self":2.7089643999999997,"total":2.7089645,"children":null},"AcademyStep":{"count":1389,"self":0.0177183,"total":0.0177183,"children":null},"AgentAct":{"count":1389,"self":0.0465637,"total":0.0465637,"children":null}}}