{"count":1,"gauges":{},"self":184.4012416,"total":184.64018049999999,"children":{"AgentResetIfDone":{"count":9210,"self":0.15126779999999998,"total":0.15126779999999998,"children":null},"AgentSendState":{"count":9210,"self":0.026579099999999998,"total":0.026579099999999998,"children":null},"DecideAction":{"count":9210,"self":0.0140618,"total":0.0140618,"children":null},"AcademyStep":{"count":9210,"self":0.0256545,"total":0.0256545,"children":null},"AgentAct":{"count":9210,"self":0.020302399999999998,"total":0.020302399999999998,"children":null}}}