{"count":1,"gauges":{},"self":28.172099199999998,"total":31.3417088,"children":{"AgentResetIfDone":{"count":1493,"self":0.0277269,"total":0.0277269,"children":null},"AgentSendState":{"count":1493,"self":0.10036959999999999,"total":0.6315161,"children":{"CollectObservations":{"count":5972,"self":0.5311465,"total":0.5311465,"children":null}}},"DecideAction":{"count":1493,"self":2.4523539999999997,"total":2.4523541,"children":null},"AcademyStep":{"count":1493,"self":0,"total":0,"children":null},"AgentAct":{"count":1493,"self":0.055917299999999996,"total":0.055917299999999996,"children":null}}}