{"count":1,"gauges":{},"self":250.2718464,"total":288.4247295,"children":{"AgentResetIfDone":{"count":14370,"self":0.18560849999999998,"total":0.18560849999999998,"children":null},"AgentSendState":{"count":14370,"self":0.44446169999999996,"total":0.45838769999999995,"children":{"CollectObservations":{"count":14370,"self":0.013926,"total":0.013926,"children":null}}},"DecideAction":{"count":14370,"self":37.4301184,"total":37.430116999999996,"children":null},"AcademyStep":{"count":14370,"self":0.0376414,"total":0.0376414,"children":null},"AgentAct":{"count":14370,"self":0.040143899999999996,"total":0.040143899999999996,"children":null}}}