{"count":1,"gauges":{},"self":257.06892799999997,"total":257.23348039999996,"children":{"AgentResetIfDone":{"count":12852,"self":0.11362259999999999,"total":0.11362259999999999,"children":null},"AgentSendState":{"count":12852,"self":0.0114127,"total":0.0114127,"children":null},"DecideAction":{"count":12852,"self":0.0109839,"total":0.0109839,"children":null},"AcademyStep":{"count":12852,"self":0.0081052,"total":0.0081052,"children":null},"AgentAct":{"count":12852,"self":0.0194245,"total":0.0194245,"children":null}}}