{"count":1,"gauges":{},"self":126.8650368,"total":127.0007608,"children":{"AgentResetIfDone":{"count":6328,"self":0.083828199999999992,"total":0.083828199999999992,"children":null},"AgentSendState":{"count":6328,"self":0.0098570999999999988,"total":0.0098570999999999988,"children":null},"DecideAction":{"count":6328,"self":0.0141199,"total":0.0141199,"children":null},"AcademyStep":{"count":6328,"self":0.0151168,"total":0.0151168,"children":null},"AgentAct":{"count":6328,"self":0.0118117,"total":0.0118117,"children":null}}}