{"count":1,"gauges":{},"self":433.874688,"total":512.6862171,"children":{"AgentResetIfDone":{"count":25551,"self":0.4196736,"total":0.4196736,"children":null},"AgentSendState":{"count":25551,"self":0.9564391,"total":1.0019839,"children":{"CollectObservations":{"count":25551,"self":0.045544799999999996,"total":0.045544799999999996,"children":null}}},"DecideAction":{"count":25551,"self":77.2312384,"total":77.2312381,"children":null},"AcademyStep":{"count":25551,"self":0.07928389999999999,"total":0.07928389999999999,"children":null},"AgentAct":{"count":25551,"self":0.0773064,"total":0.0773064,"children":null}}}