{"count":1,"gauges":{},"self":14.290179199999999,"total":14.3048828,"children":{"AgentResetIfDone":{"count":705,"self":0.0070707999999999995,"total":0.0070707999999999995,"children":null},"AgentSendState":{"count":705,"self":0.0009995,"total":0.0009995,"children":null},"DecideAction":{"count":705,"self":0.0029479999999999997,"total":0.0029479999999999997,"children":null},"AcademyStep":{"count":705,"self":0.0010731,"total":0.0010731,"children":null},"AgentAct":{"count":705,"self":0.0005285,"total":0.0005285,"children":null}}}